{
  "hash": "b0d803c2",
  "configHash": "a0d5d9ed",
  "lockfileHash": "eef0772b",
  "browserHash": "b6a8e8f5",
  "optimized": {
    "@angular/common": {
      "src": "../../../../../../node_modules/@angular/common/fesm2022/common.mjs",
      "file": "@angular_common.js",
      "fileHash": "2ceef3d0",
      "needsInterop": false
    },
    "@angular/common/http": {
      "src": "../../../../../../node_modules/@angular/common/fesm2022/http.mjs",
      "file": "@angular_common_http.js",
      "fileHash": "9a571cdf",
      "needsInterop": false
    },
    "@angular/core": {
      "src": "../../../../../../node_modules/@angular/core/fesm2022/core.mjs",
      "file": "@angular_core.js",
      "fileHash": "a2295965",
      "needsInterop": false
    },
    "@angular/forms": {
      "src": "../../../../../../node_modules/@angular/forms/fesm2022/forms.mjs",
      "file": "@angular_forms.js",
      "fileHash": "c4abf035",
      "needsInterop": false
    },
    "@angular/platform-browser": {
      "src": "../../../../../../node_modules/@angular/platform-browser/fesm2022/platform-browser.mjs",
      "file": "@angular_platform-browser.js",
      "fileHash": "90ee3f83",
      "needsInterop": false
    },
    "@angular/router": {
      "src": "../../../../../../node_modules/@angular/router/fesm2022/router.mjs",
      "file": "@angular_router.js",
      "fileHash": "568290cc",
      "needsInterop": false
    },
    "ngx-pagination": {
      "src": "../../../../../../node_modules/ngx-pagination/fesm2020/ngx-pagination.mjs",
      "file": "ngx-pagination.js",
      "fileHash": "cdbc02c3",
      "needsInterop": false
    },
    "rxjs": {
      "src": "../../../../../../node_modules/rxjs/dist/esm5/index.js",
      "file": "rxjs.js",
      "fileHash": "fbfecca5",
      "needsInterop": false
    },
    "zone.js": {
      "src": "../../../../../../node_modules/zone.js/fesm2015/zone.js",
      "file": "zone__js.js",
      "fileHash": "f1556892",
      "needsInterop": true
    }
  },
  "chunks": {
    "chunk-B46SSXC7": {
      "file": "chunk-B46SSXC7.js"
    },
    "chunk-TNFJQAT7": {
      "file": "chunk-TNFJQAT7.js"
    },
    "chunk-I5ZD4P4R": {
      "file": "chunk-I5ZD4P4R.js"
    },
    "chunk-EITAFI4I": {
      "file": "chunk-EITAFI4I.js"
    },
    "chunk-4XPZ3RN5": {
      "file": "chunk-4XPZ3RN5.js"
    },
    "chunk-RSS3ODKE": {
      "file": "chunk-RSS3ODKE.js"
    },
    "chunk-WDMUDEB6": {
      "file": "chunk-WDMUDEB6.js"
    }
  }
}